name,address,dob,gender,phone_number,imei
Leon Murray,"907 Bell vista
Port Luke
E5J 4RW",1907-07-15,female,01614960413,500772222744472
Miss Kathleen Thompson,"6 Archer mall
New Stanley
ME40 1SU",1928-05-17,female,(0116) 4960572,625941392589719
Jennifer Robinson,"Flat 06
Craig fords
West Christine
G65 2JQ",2019-06-05,male,+44(0)1214960618,385978836432563
Joseph Cooper,"Flat 95
Lee creek
Leonardborough
LS6B 7XH",1909-12-28,female,0131 496 0311,522545688160497
Cheryl Burton,"28 Bennett lodge
North Jaynechester
S4J 5GQ",2012-04-07,male,+44306 999 0343,545842999822336
Alex Griffiths,"31 Arnold fork
East Natasha
IP79 8GP",1913-04-30,male,(0191) 4960244,7277638317681
Iain Evans,"970 Osborne mall
O'Sullivanmouth
S0 0TX",1946-07-22,female,+44(0)115 496 0998,411578185393470
Mary Jackson,"Studio 06h
Griffin plaza
Smithchester
IP3X 8LP",1962-01-30,male,+443069990191,861260008382262
Duncan Parker,"034 William circle
East Sara
M2G 4GH",1937-06-25,male,+44(0)141 496 0135,654724769084568
Rita Thomas,"Flat 99
Begum tunnel
Vincentton
KA3 6FQ",1989-08-17,male,01414960750,472107106989497
Alexander Hayward,"Studio 97
Sandra bridge
Barnesmouth
W9 3LD",1996-07-11,female,0151 4960604,120673105334191
Molly Iqbal,"Studio 27
Jill ramp
Rogersshire
M2 9XA",1975-10-21,female,(0115) 4960114,971885452835093
Molly Burns,"Studio 4
Lynne ridge
Powermouth
MK95 1JY",1982-10-10,female,+44(0)1632960782,436469775708822
Gemma Evans,"3 Davidson neck
Huntland
G2 6SL",1981-08-17,male,+44161 4960912,98540004198668
Ashleigh Robertson-Roberts,"231 Gareth run
New Thomasside
BT1M 7AW",1915-10-20,female,+44(0)1414960696,214507150166487
Christopher Edwards,"580 Vincent spur
West Lynneside
E7 6JR",1950-09-27,male,+44(0)909 8790947,31528854081399
Miss Melanie Robinson,"9 Sam hollow
Lake Andrew
G4G 2ZW",1993-12-31,female,+44(0)289018555,409160012280496
Anna Stevens,"Flat 44X
Pope knolls
Reedtown
IM6X 5GQ",1936-01-20,female,+44141 496 0166,689254779672235
Ms. Stephanie Lynch,"417 Ahmed forest
Harveyville
M7 4BQ",1961-06-10,female,029 2018 0724,706937677393678
Mr. Eric Cooper,"Flat 35
Lucy keys
East Nathan
SO1 5SZ",2004-02-13,male,01164960672,398449184455961
Ms. Michelle Bird,"8 Elliott station
North Hazelshire
W6 9XR",2016-06-02,male,+44113 4960068,615286629167546
Ms. Barbara Begum,"Studio 03T
Marc lodge
Rogermouth
N00 2WD",1985-10-16,female,+44(0)1632 960592,315334231391989
Danny Mason,"Flat 4
Carl islands
Port Lauren
DE48 6YW",2003-07-18,female,(0117)4960744,705126798111706
Mr. Adam Jordan,"28 Waters well
Lake Paul
S7J 8RW",2007-02-02,female,+44191 4960161,24842969212411
Wayne Stewart,"2 Dominic road
Port Bernard
EH1 8LN",1988-07-27,female,01214960948,225047438780535
Natalie West,"Flat 15w
Adam hill
East Amandaview
N9 5LD",1983-04-27,male,+441174960234,163106448285641
Simon Chambers,"Studio 6
Reed springs
East Adam
G6 1ZS",1926-08-11,female,0115 496 0931,943967708845137
David Smith,"56 Tom heights
Wilkinsonchester
N0 2SP",1944-11-20,female,+44151 496 0917,609818177328654
Hayley Bailey,"89 Watson canyon
North Susan
M17 5QF",1936-09-20,female,0114 4960926,473753877573283
Mrs. Irene Davies,"2 Oliver fort
South Declan
DN3 1JH",1907-06-09,male,01154960003,789787917225230
Eric Brown,"3 George villages
Jaynemouth
N0F 4DL",1921-02-13,male,+44(0)1174960451,694598092176058
Mrs. Eleanor Clark,"Flat 8
Danielle walks
Sheppardbury
WS79 4XR",2006-10-07,female,+44(0)1632 960 821,226105731523295
Dr. Kieran Bradley,"Flat 0
Roberts heights
East John
M0 1RW",1990-08-10,male,+44(0)1184960671,184474586451030
Miss Brenda North,"Studio 2
Marc valleys
North Lynnemouth
KT7M 4QL",1940-07-31,male,(0306) 999 0296,315417085468958
Katherine Lloyd-Stevens,"1 Marie pine
Suzanneborough
CW08 8BD",1976-12-26,male,+44121 496 0014,136699374162108
Louis Simpson,"Flat 79
Carter centers
Port Ericside
M5 9YQ",1980-01-01,female,+44909 8790946,402081083218867
Jack Smith,"861 Brown ports
New Lydiaborough
SK43 1UZ",1977-03-14,female,+441914960230,438033744071103
Dr. John Roberts,"7 Terence grove
Harrystad
PA5 1TL",2002-11-21,male,01632 960283,678998829565230
Mark Robinson-Bray,"0 Skinner highway
Peterchester
TF7 3JF",2006-10-22,female,+441174960222,262910250115107
Howard Marsden,"2 Chelsea parks
East Bernard
LS9 5EL",2000-12-11,male,(0808) 1570131,446100643686134
Leonard Johnson-McCarthy,"389 Carol club
Ruthchester
M4 5PY",1995-01-18,female,(0131) 496 0586,227167101983399
Lisa Hopkins,"89 Roger crescent
East Donald
S8 9BJ",1970-11-16,male,+441414960578,89380468680141
Zoe Dean,"Flat 17J
Jennifer mountains
South Stephanie
DD28 0SR",2005-11-22,male,+441134960990,170994060503322
Miss Hannah Moore,"27 Leslie terrace
Hughesmouth
IG9X 1QQ",1921-01-01,female,(029) 2018 0362,932129606332026
Nigel Russell,"00 Wilson ports
New Geraldinetown
M00 5TE",2017-09-12,female,+44(0)289018583,600705049294603
Dr. Stephanie Greenwood,"Studio 71
Fitzgerald branch
South Gareth
W95 8SB",2016-12-20,male,+44(0)1514960602,438501615833209
Sarah Hutchinson,"Flat 3
Carly plain
Annaville
W3 1WA",1911-09-05,male,0131 496 0688,453491762450282
Callum Hardy,"Flat 43
Booth mountain
Port Leanne
G7 1GF",1932-12-02,female,01632 960671,411980247855302
Miss Molly Howells,"64 Hamilton fall
Williamsville
WD5 2BH",1944-09-14,male,+441184960922,451617768288304
Frederick Birch,"Flat 62
Birch tunnel
Katechester
JE45 8QN",1915-11-04,female,(0114)4960334,313557672691227
Craig Harper,"Flat 46
Gordon inlet
Georgeport
WC5 3ZR",1943-12-21,male,+4420 7496 0478,885275015560455
Albert Cook,"Studio 21G
Claire meadows
Edwardsland
KY7M 6UX",1947-12-01,female,+44121 496 0102,962285459656106
Karl Powell-Clayton,"661 Morris pines
North Benjamin
N5E 7YX",2001-04-05,female,01632 960 672,967863117343350
Jodie Yates,"Studio 2
Harriet lodge
Taylorland
G2 4DW",2020-05-19,male,+441632 960625,263924262378219
Stewart Carroll,"Studio 3
Robinson bridge
Callumside
B80 7GE",1981-07-01,female,+44(0)9098790161,14310666354503
Jasmine Begum,"0 Catherine circles
Owensmouth
CW09 5EQ",1914-08-23,male,+441632960798,582352958483879
Victoria Baker,"4 Ashley turnpike
West Oliver
GL79 8GD",1915-02-08,male,+441314960791,877599815293561
Mary Green,"Studio 6
Bartlett turnpike
Lake Mary
WV1 8QN",2008-09-30,male,0151 4960151,14593972744817
Henry Williamson,"Flat 5
Charlie trail
Richardton
NW6W 9FS",1992-07-26,female,028 9018189,198492592897614
Dr. Alan Hill,"Studio 97l
Horton landing
Maryshire
RH2 4GD",1941-04-12,female,0131 496 0754,353387140003474
Dr. Oliver Johnson,"71 Max isle
East Joanneberg
B35 8HE",1932-04-10,male,(0117)4960679,812125357813398
Marc Walker-Storey,"257 Smith dale
Port Gillian
ST4 0DB",2014-01-08,female,+44131 4960861,153400426653411
Owen Jones,"Studio 2
Nash coves
Mathewtown
AB85 3LU",1988-09-22,female,+44(0)117 4960422,140881771088372
Ms. Leah Morris,"Flat 6
Morgan stream
Port Sheilabury
SA68 7HE",2002-12-10,male,(0161)4960875,473642038279802
Mrs. Victoria Pearson,"989 Evans run
Port Zoemouth
G6 1UA",1908-06-22,female,(028) 9018682,232049957503695
Alexandra O'Connor,"Flat 68
Hill roads
Lake Dianaton
FY5 8RT",1967-04-07,male,0141 496 0214,903633034114868
Carolyn Harvey,"Studio 53
Leslie junction
Millsview
N9J 5QS",1998-04-28,male,(0909) 879 0755,83687458450917
Georgia Hyde,"905 Craig knolls
East Carly
TA5 8XY",1963-03-21,male,0161 4960631,450849715274734
Mr. Vincent Mason,"1 Julie key
South Robintown
HR07 5RE",1982-05-23,male,(0161)4960808,75175837306755
Miss Kathryn Walker,"9 Tucker shoals
New Joel
B39 1QA",1984-05-13,male,+44141 4960306,7342090970675
Lisa Cunningham-Thomas,"346 Jill mountain
Hunterfurt
G1 4FB",1950-09-16,male,+44113 4960277,519258808149878
Gerard Hunter,"Flat 2
Newman street
Lake Bernard
N4 0YE",2009-11-08,female,+4420 7496 0041,558009177886577
Joshua Burrows,"9 Wayne springs
Edwardsborough
TQ52 8WZ",1941-07-01,female,0114 4960590,7009446592195
Mr. Frank Davidson,"1 Melanie lock
Bethanyville
E40 4ZJ",2006-08-24,female,028 9018 0882,698547921161370
Molly Roberts,"6 Weston station
East Markhaven
M9H 9LH",2013-11-30,male,+44(0)113 4960118,196669922257578
Gareth Hardy,"Studio 64W
Benjamin inlet
Lake Yvonnebury
M0 8WT",1969-04-16,female,0117 4960628,853048573898941
Josephine Edwards-Lucas,"Studio 6
Simpson flat
Kimchester
B8J 2HB",1909-09-01,female,(0191) 4960770,711998964553423
Mrs. Kimberley Smith,"69 Peter fort
Lake Arthurborough
KY4 1AF",1929-05-08,male,+441314960617,396325073599356
Jacob Harding,"6 Bailey glen
Millerborough
WS56 3LN",1940-02-20,male,+441514960830,715281815030032
David Roberts,"Studio 04
Jasmine course
Wilsonbury
W6 4NW",1924-09-29,male,09098790714,306530121805543
Dr. Douglas Baker,"Flat 70
Williams garden
Fullerview
E9C 3NL",1914-01-19,male,(0121) 4960754,719089664948150
Robert Burton,"Studio 8
Allen overpass
Lyonsberg
L3G 6EZ",2018-12-10,male,+44808 157 0091,500186209004911
Amy Matthews-Owen,"2 Gail ville
New Amyberg
W70 5BD",1968-05-30,female,+44117 496 0141,504822075189623
Robin Jackson-Spencer,"Flat 91
Martin villages
East Sophiemouth
TR5W 3BF",1982-02-12,female,+44(0)161 496 0469,594207804753300
Alexandra Howard-Barker,"188 Baker points
North Trevor
W0 7BY",1962-09-20,female,+44161 496 0928,135637136664977
Dr. Patrick Lewis,"Studio 2
Jemma plains
South Nicola
SG5H 9SY",1999-08-14,male,+44(0)1632 960489,866173987640104
Brenda Morris,"8 Richardson neck
East Bradley
E8A 8LW",1957-06-08,female,+44(0)161 4960062,786571479404686
Mr. Mark Begum,"62 Williams lane
Ellieside
ME7B 9EJ",1945-11-01,male,+44(0)151 4960336,453640561098703
Dr. Jonathan Chamberlain,"65 Williams via
Cliffordland
L0 6LQ",1933-12-08,female,+44(0)121 496 0455,921583463695723
Dr. George Lewis,"71 Ashley islands
New Vanessa
AL56 4ZJ",2006-09-28,female,0306 999 0065,825743038839578
Dr. Valerie James,"969 Parker orchard
Spencerside
B06 6DZ",2013-10-31,male,(0141)4960830,107974052148755
Jayne Harris,"3 Shirley street
Jacksonshire
WN4 8GS",2000-03-07,female,0292018861,833377611691072
Miss Aimee Stokes,"Flat 74
Williams crossing
Jonesstad
N39 0LW",1961-07-08,male,+44808 1570557,960866658699298
Abigail Randall-Atkins,"Flat 88P
Price forge
New Janet
B8 5NS",1922-04-13,male,(0161) 4960508,995861534102653
Sophie Knight,"184 Conor flat
Robinsonberg
LE3 8ZZ",1970-05-28,male,0121 496 0141,558785094274418
Connor Woodward,"4 Mark loaf
Dianeville
PH2M 2JW",1922-09-02,male,+44(0)1184960796,976318005903736
Angela Cunningham,"Studio 87
Graeme oval
Singhland
S2 6TE",2000-06-11,female,+443069990359,700868015594347
Irene Clark-Kerr,"3 Shirley village
Reidfort
S7 5TH",1966-07-31,female,+44(0)2074960181,116676133396604
Mr. Bernard West,"Studio 14
Mary park
Bethanychester
CW70 1UQ",1919-06-25,female,+441134960418,251303681995044
Ms. Jane Stanley,"198 Phillips drives
Dalemouth
SR0 8EW",1988-02-24,male,(01632) 960567,238043742533876
